filename,label
0.png,Fmowp
1.png,NOEWg
2.png,qwY5K
3.png,QhWY4
4.png,RRXIB
5.png,CHXaf
6.png,OFDbO
7.png,9EcCD
8.png,jRFXX
9.png,9ePxW
10.png,l÷fea
11.png,ee/Iw
12.png,L-+Pl
13.png,WuK6p
14.png,aedSZ
15.png,R/jI/
16.png,ioUqB
17.png,7m1G-
18.png,YXfgb
19.png,*d+O6
20.png,iyAyb
21.png,C*BRD
22.png,J9Nxz
23.png,sMOty
24.png,8GFFa
25.png,÷RYWJ
26.png,Wvj2V
27.png,+GPux
28.png,x4HLZ
29.png,CcIFD
30.png,3poII
31.png,mcD1l
32.png,YxT÷0
33.png,YyxS0
34.png,T+9J2
35.png,p4hVm
36.png,J18TQ
37.png,E*q9Y
38.png,SL*pH
39.png,DpDRP
40.png,eP0IQ
41.png,hJLq8
42.png,IZwkU
43.png,OWlAo
44.png,yIhpL
45.png,uUBe1
46.png,+1PAC
47.png,a+c+t
48.png,XBGn9
49.png,-KQyc
50.png,RVTUC
51.png,qxvq/
52.png,jxpPs
53.png,n7p8q
54.png,pDgT3
55.png,ThpOo
56.png,J-2uO
57.png,4cPuv
58.png,rtS-*
59.png,÷FRfD
60.png,eHJ74
61.png,Sm-83
62.png,qEZeP
63.png,3*0QD
64.png,u+lZp
65.png,HQc36
66.png,wZCRl
67.png,gv5A8
68.png,/QQcz
69.png,0nu6V
70.png,jK--V
71.png,O9XAX
72.png,MpyoR
73.png,*UR/r
74.png,fS-aL
75.png,ZXjGu
76.png,+v7j7
77.png,hG1Cb
78.png,AmRsB
79.png,6kRKZ
80.png,gjPCb
81.png,ILUXE
82.png,TN-e÷
83.png,zIkWF
84.png,cVm6f
85.png,ZdJWY
86.png,TZmaN
87.png,vAMqp
88.png,+B4It
89.png,qaCQ3
90.png,XNIiG
91.png,1X3QZ
92.png,ByO++
93.png,yIQ+N
94.png,lEWTD
95.png,QXV1G
96.png,IVRAj
97.png,QqGzW
98.png,o8cK2
99.png,0cQbK
